Price,Close,High,Low,Open,Volume
Ticker,GOOGL,GOOGL,GOOGL,GOOGL,GOOGL
timestamp,,,,,
2015-01-02,26.35151481628418,26.662527868700302,26.268410321522673,26.503287439452063,26480000
2015-01-05,25.849414825439453,26.273885771708642,25.764322836130155,26.232085798376406,41182000
2015-01-06,25.21146583557129,25.936497948150002,25.157224580764094,25.90116728970276,54456000
2015-01-07,25.13732147216797,25.452812586136073,25.062679470156286,25.425942528444878,46918000
2015-01-08,25.224903106689453,25.254261799553323,24.633230341996608,24.9561873531382,73054000
2015-01-09,24.916873931884766,25.30900021794025,24.813867935562797,25.288100230480932,42000000
2015-01-12,24.7347469329834,24.894980176137008,24.42870922148024,24.843227553129108,57138000
2015-01-13,24.97061538696289,25.30899773013339,24.74469622592804,25.00893202687188,60958000
2015-01-14,25.176132202148438,25.292078716529858,24.789482467672684,24.901943752839887,52800000
2015-01-15,25.080591201782227,25.36622435009624,24.98106664317948,25.323429682085397,51068000
2015-01-16,25.40155601501465,25.420962059892116,25.034807773170588,25.037793756599353,49658000
2015-01-20,25.375680923461914,25.657832653151154,25.3473169258771,25.516508114522328,46796000
2015-01-21,25.895694732666016,25.96834733847556,25.35826324973092,25.42046586220361,46356000
2015-01-22,26.737171173095703,26.8138044588719,25.97133376461755,26.02557312241996,56068000
2015-01-23,26.968563079833984,27.140740236112272,26.660038669867784,26.77349654790352,45966000
2015-01-26,26.708309173583984,26.946172280809225,26.47691538098644,26.946172280809225,30932000
2015-01-27,25.935503005981445,26.512245817096385,25.919081045777528,26.443573891037325,39148000
2015-01-28,25.49958610534668,26.159431481356126,25.495605426947783,26.12509552004032,35822000
2015-01-29,25.539398193359375,25.636931463844675,25.054216680385302,25.52297623300577,79018000
2015-01-30,26.749610900878906,27.025790640778997,25.785719120905785,25.826524397480757,121108000
2015-02-02,26.48338508605957,26.697362226380704,25.96187821225495,26.588879715290837,75378000
2015-02-03,26.538124084472656,26.744635319769706,26.215167080698766,26.370922289105483,47062000
2015-02-04,26.17983627319336,26.709801856826733,26.12658971226051,26.530160678669176,33896000
2015-02-05,26.365447998046875,26.408242664891617,26.156943588378695,26.27089881572773,33176000
2015-02-06,26.566984176635742,26.88247525732463,26.306729044814695,26.424167604600843,42938000
2015-02-09,26.33808135986328,26.566986532757863,26.251992771669443,26.426656685957802,30314000
2015-02-10,26.87948989868164,26.92128987195623,26.332605016732696,26.4808962116572,47430000
2015-02-11,26.772005081176758,26.96856557211133,26.672480517652865,26.858093667271707,38306000
2015-02-12,27.17060089111328,27.286545518362946,26.722243953387505,26.85461054187322,48590000
2015-02-13,27.4268741607666,27.495546088132038,27.199958391930654,27.24524169653322,47382000
2015-02-17,27.12083625793457,27.518435248684497,27.03375298053748,27.42687394509929,39174000
2015-02-18,27.00339698791504,27.247232056508214,26.849135728647646,27.061618919926634,31164000
2015-02-19,27.192493438720703,27.212896077202476,26.908849686653017,26.994440919115306,30834000
2015-02-20,26.96109962463379,27.248724054948035,26.776980429222853,27.248724054948035,38234000
2015-02-23,26.622718811035156,26.83669595521,26.473432916983043,26.82176793528673,32906000
2015-02-24,26.804349899291992,26.841669947178787,26.423668326389357,26.451037627021698,28406000
2015-02-25,27.236286163330078,27.3477527613999,26.77250197099662,26.793901203967344,40836000
2015-02-26,27.831439971923828,27.873239945635966,27.124817300966765,27.15716387462956,54032000
2015-02-27,27.997644424438477,28.33552943453355,27.718976042188498,27.774709338983882,68328000
2015-03-02,28.61419677734375,28.662466065948955,28.023520625509605,28.215105737267073,50406000
2015-03-03,28.801799774169922,28.904308415195175,28.389270879328592,28.680378639106877,50526000
2015-03-04,28.77890968322754,28.94312359359577,28.489791301679873,28.71123245095214,37964000
2015-03-05,28.93317413330078,29.021252110414373,28.773935589622027,28.843104867625108,35918000
2015-03-06,28.508703231811523,29.00035218908763,28.46690325637071,28.961538197360184,37592000
2015-03-09,28.568416595458984,28.63559458360563,28.317117502384384,28.41017274997365,23478000
2015-03-10,27.85930633544922,28.352449208268478,27.857812394533042,28.2887526549746,40080000
2015-03-11,27.65229606628418,28.07477572675918,27.63836274175198,27.856817908031292,40524000
2015-03-12,27.924991607666016,27.958330977018086,27.64433383739133,27.791131087902876,35602000
2015-03-13,27.518436431884766,28.08373458536222,27.38557249698237,27.828454811021235,35428000
2015-03-16,27.948381423950195,28.05337870666932,27.434835902438525,27.714001642034326,36856000
2015-03-17,27.747838973999023,27.8986169025315,27.58860044257001,27.781675690766093,28892000
2015-03-18,28.173303604125977,28.19072025856242,27.5433142644973,27.753808058556526,35324000
2015-03-19,28.049396514892578,28.21311307114868,27.97226588571062,28.091693834232814,24660000
2015-03-20,28.11309242248535,28.220080992709757,28.089705697885634,28.200674946802053,44320000
2015-03-23,28.13399314880371,28.346478252180443,28.019043218173906,28.16534312988457,30234000
2015-03-24,28.73959732055664,28.955563842527592,28.269343839073844,28.291737765941132,79156000
2015-03-25,28.215105056762695,28.865495170087335,28.215105056762695,28.741089946643296,53070000
2015-03-26,28.04790496826172,28.224562066747044,27.78267444329377,28.098165547194,49842000
2015-03-27,27.744853973388672,28.06930301469404,27.714001340732448,27.957834520126514,34552000
2015-03-30,27.923498153686523,27.974256077312862,27.707034278935833,27.879211442956784,24788000
2015-03-31,27.603031158447266,27.988686206197436,27.601537217569934,27.764259080270907,34932000
2015-04-01,27.34377098083496,27.792125991118475,27.171593818526762,27.609500733935363,38902000
2015-04-02,26.936716079711914,27.269623810195277,26.89342216722127,27.240265119855454,47760000
2015-04-06,27.06808853149414,27.147210450401598,26.657550917708573,26.813803467096285,33718000
2015-04-07,27.113370895385742,27.37710935042154,27.050173591266926,27.119840209708613,27318000
2015-04-08,27.311424255371094,27.44379273277843,27.17009972575731,27.17009972575731,28386000
2015-04-09,27.270618438720703,27.337798320305563,26.96856334017127,27.329836963329953,32366000
2015-04-10,27.296497344970703,27.36168594211246,27.11934480278906,27.347752617427084,26104000
2015-04-13,27.301471710205078,27.531870804832067,27.185029743181815,27.222351689574023,29326000
2015-04-14,26.860580444335938,27.19846545039989,26.65954194093019,27.19846545039989,47206000
2015-04-15,26.923282623291016,27.030271198301726,26.4918449919527,26.77001604628982,46962000
2015-04-16,27.04669189453125,27.13178388436651,26.776981456397728,26.78942084000078,31722000
2015-04-17,26.510255813598633,26.86157681811742,26.32414721593485,26.737668936681025,49234000
2015-04-20,27.09695053100586,27.16014973711817,26.540610347490453,26.560515639152175,38508000
2015-04-21,27.016834259033203,27.25818070325316,26.98150359976136,27.185528096208717,29128000
2015-04-22,27.328344345092773,27.41891095446079,26.937214665209446,27.023800595897004,31806000
2015-04-23,27.740375518798828,27.92499397696723,27.373131789320183,27.389553750758193,78184000
2015-04-24,28.546520233154297,29.095893735413284,28.282282525908276,28.864499948100384,92168000
2015-04-27,28.171316146850586,28.63907914266462,27.98122496474795,28.50223452441801,48062000
2015-04-28,28.084230422973633,28.256407585729242,27.914541896194876,28.08174178699678,37178000
2015-04-29,27.93593978881836,28.157380938360884,27.81700918291425,27.892148526805943,33622000
2015-04-30,27.307941436767578,27.92200620116337,27.205930139914344,27.79511234082454,47240000
2015-05-01,27.4268741607666,27.42986014433985,27.063111884749812,27.39452758728399,36572000
2015-05-04,27.510475158691406,27.702058377790433,27.239270769992288,27.41841460504617,35260000
2015-05-05,27.022804260253906,27.499027799260734,26.98946299363541,27.37710931885538,28528000
2015-05-06,26.626697540283203,27.067093078506822,26.485373014101036,27.00289918064517,39034000
2015-05-07,26.973041534423828,27.130290674447487,26.54558651861384,26.667503103007714,31844000
2015-05-08,27.3169002532959,27.50848346960538,27.271119600060963,27.312919574528486,28226000
2015-05-11,27.15915298461914,27.536848583336,27.150196932215003,27.29400820268659,21858000
2015-05-12,26.808332443237305,27.018826260021466,26.62271929286661,27.011360351651575,35282000
2015-05-13,26.84615135192871,27.062615234700797,26.820771440038516,26.894917988911445,24238000
2015-05-14,27.3293399810791,27.353725198098495,26.99593487626683,27.069084832505535,31736000
2015-05-15,27.194482803344727,27.399006535503393,26.995932936392787,27.388556542505924,33440000
2015-05-18,27.20344352722168,27.28654613214171,26.98349440604497,27.061621636861673,26706000
2015-05-19,27.33332061767578,27.538339799270926,27.225834704141324,27.26962406629827,47126000
2015-05-20,27.49405288696289,27.671205431466316,27.12531522725151,27.414930964098783,30840000
2015-05-21,27.708026885986328,27.747837465816264,27.33431389480189,27.37909984797411,34170000
2015-05-22,27.594074249267578,27.779190045929607,27.549288291899224,27.591088265673275,24266000
2015-05-26,27.229318618774414,27.534857058448566,27.019322160804826,27.497535111690237,37474000
2015-05-27,27.580636978149414,27.632389595385217,27.198962612456,27.303462541988,34844000
2015-05-28,27.577152252197266,27.655776818270713,27.40895767839365,27.557746208136113,23544000
2015-05-29,27.136262893676758,27.565211854338155,27.122329569616472,27.5283872557761,43446000
2015-06-01,27.3298397064209,27.397515044052167,27.049679260571246,27.30595373482363,33210000
2015-06-02,27.56570816040039,27.8065572371483,27.19746788351159,27.241259142449287,31842000
2015-06-03,27.63239097595215,27.766748848465934,27.47613842137767,27.622935677586938,26710000
2015-06-04,27.4532470703125,27.66573216866478,27.32535851291281,27.47763038835437,26866000
2015-06-05,27.345762252807617,27.53485873583574,27.23877367799511,27.468675441344192,24396000
2015-06-08,27.044700622558594,27.36268034919054,27.018326016136143,27.34974171975514,27336000
2015-06-09,26.979015350341797,27.112378530156708,26.81430218953417,27.04171531232723,30016000
2015-06-10,27.498531341552734,27.607013856805626,27.125814895529622,27.15517358841303,30316000
2015-06-11,27.37114143371582,27.60950189599349,27.327847518410312,27.59258258757423,25872000
2015-06-12,27.243253707885742,27.311923740510874,27.15169050059692,27.227329094100195,25468000
2015-06-15,27.020814895629883,27.07306486312081,26.832217665106416,27.00737891852177,27150000
2015-06-16,27.11387062072754,27.2044372326442,26.94965670546712,27.094464574330054,32526000
2015-06-17,27.19995880126953,27.287539428219436,26.96159834037656,27.141239518840212,24440000
2015-06-18,27.676677703857422,27.72992236272333,27.26962343528272,27.26962343528272,41192000
2015-06-19,27.74336051940918,27.762768463900272,27.481613332198364,27.693599187553787,59290000
2015-06-22,27.850845336914062,28.14593567999445,27.81252869528142,27.837411258497703,34752000
2015-06-23,28.035465240478516,28.110606485032985,27.72494951438385,27.856321406325964,31396000
2015-06-24,27.795608520507812,27.99814096133968,27.708027899261246,27.990179604391717,28924000
2015-06-25,27.76475715637207,28.023022904170073,27.74037383861748,27.881698371393778,26684000
2015-06-26,27.521421432495117,27.866770459319735,27.461210108334733,27.85233978728508,43676000
2015-06-29,26.933731079101562,27.413935321154113,26.88347050283797,27.207422193091396,37756000
2015-06-30,26.873519897460938,27.165125016021655,26.84863733383414,27.12481708528841,34510000
2015-07-01,27.035743713378906,27.16064628271771,26.859585873747438,27.053657716036287,30760000
2015-07-02,27.23678207397461,27.26962409562764,27.0491776489155,27.107399580949497,28124000
2015-07-06,27.15119171142578,27.298488211733517,26.97602856217781,26.983492571962074,25614000
2015-07-07,27.370641708374023,27.41891099671103,26.86406475288439,27.241261108830788,33578000
2015-07-08,26.95612335205078,27.283558376361366,26.931242686603664,27.15019709839373,27662000
2015-07-09,27.102922439575195,27.31341624767384,27.101430396926684,27.30197155921598,29766000
2015-07-10,27.673192977905273,27.831436802235082,27.4686711588856,27.55376313927724,43436000
2015-07-13,28.45047950744629,28.506212804532133,27.80207878473511,27.842386714923148,41792000
2015-07-14,29.070018768310547,29.345203837795456,28.571900496831322,28.588322458091987,74832000
2015-07-15,29.059070587158203,29.294445064757706,28.87246274608572,29.048123246058502,41466000
2015-07-16,29.945831298828125,30.081183865080128,29.25612793990252,29.334752513084457,112642000
2015-07-17,34.814552307128906,34.982750691769915,33.738698445214034,33.838221106320034,257162000
2015-07-20,34.4771614074707,34.72398244345612,33.92629779710123,34.28508276547215,102436000
2015-07-21,34.60206985473633,35.11212822158671,34.044733100099094,34.08105845257196,75604000
2015-07-22,34.589630126953125,35.49679206373427,34.41645826483314,34.53588621885301,83100000
2015-07-23,33.57597351074219,34.637897807801416,33.419719065770764,34.42789945722426,76232000
2015-07-24,32.58272171020508,33.72824597096019,32.50360168954363,33.67748994618942,82622000
2015-07-27,32.75688934326172,33.19479432342356,32.422485794215525,32.423480489210476,58382000
2015-07-28,32.82605743408203,33.047001204505094,32.51504441474982,32.930557352992174,34364000
2015-07-29,32.91413879394531,33.00868798193428,32.486681854302454,32.955441420677246,36756000
2015-07-30,33.06989288330078,33.243562079443436,32.429453553611545,32.71558782926919,39606000
2015-07-31,32.71857452392578,33.091790202905926,32.70364650421397,33.07686218319411,34922000
2015-08-03,33.07785415649414,33.17489007318254,32.72653318843614,32.72653318843614,31348000
2015-08-04,32.906673431396484,33.24107700853027,32.868358688143864,33.058945302420675,26188000
2015-08-05,33.50431823730469,33.833740747052644,33.12065067668282,33.12910938142436,36448000
2015-08-06,33.34806442260742,33.57696958179637,32.879304865029276,33.53915218523821,40660000
2015-08-07,33.061431884765625,33.280879816272204,32.78674421409049,33.23012379751314,27544000
2015-08-10,32.99923324584961,33.42121554870655,32.85442538437025,33.19579182726566,34458000
2015-08-11,34.35076904296875,35.03251102135897,34.05319196670167,34.812561922260244,109880000
2015-08-12,34.40899658203125,34.634416528290856,33.86360369984307,34.55927528068883,58498000
2015-08-13,34.16217041015625,34.53638075306919,33.946701244301074,34.296029025403136,36354000
2015-08-14,34.30448913574219,34.44830230022643,33.98253064081724,34.03925863193982,27598000
2015-08-17,34.54036331176758,34.57171139122527,33.99049058701834,34.238306323789715,24680000
2015-08-18,34.27264404296875,34.62246918934674,34.102953618926655,34.38908790809751,27710000
2015-08-19,34.5368766784668,34.843409781592506,34.17659967383196,34.34131281080383,50194000
2015-08-20,33.812347412109375,34.64237879404336,33.60334752382669,34.291061561307195,57798000
2015-08-21,32.04827880859375,33.484413517765304,32.00199891067636,33.39235106947993,91880000
2015-08-24,30.758445739746094,31.234669303653803,29.51339690124037,29.887111820601934,129788000
2015-08-25,30.477787017822266,32.196069586833445,30.437976436041694,32.16969877803621,71430000
2015-08-26,32.830039978027344,32.966389133996024,31.36852729333694,32.00199809148187,87740000
2015-08-27,33.23908233642578,33.538652589694365,32.40009504066798,33.4396234856179,58974000
2015-08-28,32.82755661010742,33.19131511714801,32.53196889150286,33.129609847352356,38836000
2015-08-31,32.236873626708984,33.062428734989844,32.16372557695365,32.56132264233368,38936000
2015-09-01,31.32822036743164,32.0686797112841,31.10429059457663,31.539708859132993,51458000
2015-09-02,32.09206771850586,32.0995317281875,31.381963629569068,31.74821263769646,37630000
2015-09-03,31.70094108581543,32.40756186914233,31.53971125744514,32.242351362016606,34572000
2015-09-04,31.298362731933594,31.574045123865307,31.175948800677222,31.335187329952454,40478000
2015-09-08,32.04081726074219,32.0985399532772,31.494429682370594,31.897501428033408,39092000
2015-09-09,32.01742935180664,32.711608865533535,31.892522977546392,32.438914332281534,40978000
2015-09-10,32.39910125732422,32.58919052091599,31.932331108099063,32.04180830965956,27850000
2015-09-11,32.60909652709961,32.60959387464154,32.216472913390014,32.35580995259822,34892000
2015-09-14,32.4682731628418,32.63995298861744,32.32047741013017,32.62552231595549,29942000
2015-09-15,33.095272064208984,33.283371927217985,32.51156073636747,32.679257962101055,35546000
2015-09-16,33.1176643371582,33.24455628928222,32.95245384771594,33.11915637967936,26252000
2015-09-17,33.423702239990234,33.93724584451193,33.091789197353435,33.21569707236101,47752000
2015-09-18,32.888763427734375,33.33264044004793,32.844472918089416,33.09477542197956,72544000
2015-09-21,33.1903190612793,33.29084021807498,32.74345796685147,33.11717100341842,39094000
2015-09-22,32.50459671020508,32.78426168814955,32.09803977078962,32.71708180429025,54362000
2015-09-23,32.50907897949219,32.856914764926245,32.38168586474263,32.48967103425006,29160000
2015-09-24,32.589691162109375,32.682250963877706,31.955724857831896,32.29410724387824,38692000
2015-09-25,31.855201721191406,32.7723181972491,31.83081840330942,32.7723181972491,48480000
2015-09-28,31.06398582458496,31.98956294592323,30.745011389134294,31.800464564870268,47646000
2015-09-29,30.982376098632812,31.583002999930432,30.754465631975645,31.126187371504166,42130000
2015-09-30,31.766626358032227,31.81340170525908,31.307819446839947,31.441180724550893,52954000
2015-10-01,31.9472599029541,32.03882500252952,31.405849645467885,31.745226700619494,42506000
2015-10-02,32.693199157714844,32.69369650533797,31.524287974597115,31.748715140395163,48788000
2015-10-05,33.42420196533203,33.491381853319204,32.63746264415983,32.92260225915145,37960000
2015-10-06,33.42221450805664,33.77850901568985,32.99624957398916,33.30825736567469,42774000
2015-10-07,33.340599060058594,33.775519983835146,32.74892634371688,33.70883744933083,44354000
2015-10-08,33.19131088256836,33.434650497591406,32.568787440569075,33.31322936384201,39308000
2015-10-09,33.40230941772461,33.54412941637876,32.96042176457634,33.21570155870042,32124000
2015-10-12,33.66057205200195,33.73770269009724,33.20325904689431,33.30029497813457,26684000
2015-10-13,33.995967864990234,34.25920898832213,33.495359080626606,33.55258821792855,42446000
2015-10-14,33.85862731933594,34.337835019652395,33.78348606975454,34.023837839585745,31292000
2015-10-15,34.486122131347656,34.542850120232025,34.05667584151661,34.09947050693654,47156000
2015-10-16,34.6005744934082,34.6453623476139,34.291057276999496,34.60455707025501,36316000
2015-10-19,34.83097457885742,34.845405250163914,34.44581498821183,34.53488955021998,30172000
2015-10-20,33.83822250366211,34.733941676789335,33.523724199658744,34.72846705699682,52434000
2015-10-21,33.430171966552734,34.08205412583548,33.375433364233984,33.997956832177366,31952000
2015-10-22,33.89495086669922,34.238807867122816,33.42519659241261,33.61130709155433,88632000
2015-10-23,35.79536437988281,37.44597361249552,35.72619510351582,37.32455246990981,126726000
2015-10-26,36.38206100463867,36.57265142958713,35.82970147144709,35.82970147144709,48776000
2015-10-27,36.46664810180664,36.622902528923866,36.0347151092871,36.15563508653723,38778000
2015-10-28,36.67068099975586,36.69307302967633,36.190474844365795,36.475614452228946,39604000
2015-10-29,37.0652961730957,37.16183475734492,36.58310059944035,36.65625245728658,36520000
2015-10-30,36.694068908691406,37.137945927112554,36.651274237717004,37.100625876041015,39984000
2015-11-02,37.209102630615234,37.23099731028972,36.398475559337726,36.55174591015075,39914000
2015-11-03,37.262847900390625,37.40615991680805,36.88166709419315,37.09415217776977,36306000
2015-11-04,37.5858039855957,37.81421180052391,37.28175757991562,37.31659089167331,41840000
2015-11-05,37.8525276184082,38.1351766691408,37.69328909089437,37.75996782772115,45486000
2015-11-06,37.898807525634766,37.96946883920358,37.571867969543085,37.788832978560414,33544000
2015-11-09,37.55893325805664,37.98340612435336,37.277282669450685,37.74554110497061,35538000
2015-11-10,37.73260498046875,37.849048861750184,37.242451829517044,37.49474374183797,29798000
2015-11-11,38.080440521240234,38.271027141078676,37.80674750482283,37.93762204584018,41866000
2015-11-12,37.64651870727539,38.107814312556236,37.6131774345142,37.828149295998735,35452000
2015-11-13,36.827430725097656,37.586796885139414,36.79757089034162,37.52260488436954,48188000
2015-11-16,37.342464447021484,37.406656444490984,36.54179190702089,36.834395493309735,50704000
2015-11-17,37.121524810791016,37.56789235098415,37.02548357933909,37.44448181734079,38864000
2015-11-18,37.81968307495117,37.87392432629313,37.191685027199526,37.30016752988345,36266000
2015-11-19,37.816200256347656,37.979914902854354,37.68134315420572,37.808235103331306,28078000
2015-11-20,38.66514205932617,38.78059123085264,38.02321444513171,38.28197564029531,55478000
2015-11-23,38.65021514892578,38.958741479725944,38.491473957226816,38.68853369020143,34648000
2015-11-24,38.29839324951172,38.614880908442075,37.72513380203938,38.46410108820721,47880000
2015-11-25,38.27998352050781,38.46609399549367,38.14413171972001,38.400903506397526,23612000
2015-11-27,38.41484069824219,38.51585920086577,38.16752228586968,38.27501010330349,14434000
2015-11-30,37.96101379394531,38.56711343353651,37.874923309261355,38.40986428090268,33586000
2015-12-01,39.00302505493164,39.063238273573845,38.11527112419116,38.16453510433625,40398000
2015-12-02,38.70744705200195,39.4638292183677,38.63678193165017,39.075685488486165,46876000
2015-12-03,38.22723388671875,39.03735981770376,37.94110341403034,38.842293293187,41950000
2015-12-04,38.77511215209961,38.93484801596204,38.0933740334979,38.302373874388394,49800000
2015-12-07,38.46560287475586,38.864194696849,38.153591295193614,38.81741744763948,36626000
2015-12-08,38.57258605957031,38.74724996121285,37.944587973181626,38.043115938564995,31082000
2015-12-09,37.94607925415039,38.619859876897564,37.42158641566026,38.371546781700694,46550000
2015-12-10,37.8211784362793,38.121246061288204,37.57037859180028,37.997835529277374,32458000
2015-12-11,37.342464447021484,37.69179602161109,37.254384582975334,37.27180313539963,43184000
2015-12-14,37.945579528808594,38.02569803533826,36.63783274381649,37.38426402523544,53864000
2015-12-15,37.82366943359375,38.553179598691806,37.71966684467828,38.206835867349085,49386000
2015-12-16,38.64474105834961,38.88907538854301,37.67239239941348,38.14612544665826,53120000
2015-12-17,38.308349609375,38.8935492214376,38.28197500378918,38.87215188775663,36510000
2015-12-18,37.662437438964844,38.52282593802575,37.64949880931926,38.178968946937225,67794000
2015-12-21,37.8589973449707,38.13517708438195,37.52807900520436,37.97096128331667,34848000
2015-12-22,38.173988342285156,38.33372421557883,37.878901810180984,38.03167102170031,36338000
2015-12-23,38.2426643371582,38.411360076800506,37.70224874631236,38.35114685200132,30594000
2015-12-24,38.109798431396484,38.27699832313993,38.03764507211892,38.24315970744716,10412000
2015-12-28,38.925899505615234,38.9547608516324,38.203853321417064,38.31681196756922,31156000
2015-12-29,39.50911331176758,39.74448779965133,39.122958983144706,39.16226842469104,38430000
2015-12-30,39.32698059082031,39.633517536850135,39.172719320944,39.50911230719599,28566000
2015-12-31,38.71540069580078,39.228944254867294,38.68106473592766,39.203564346447145,32752000
2016-01-04,37.79132080078125,37.92866465168549,37.1991507297773,37.92866465168549,67382000
2016-01-05,37.89532470703125,38.27699909063224,37.60272489061331,38.02321516266709,45216000
2016-01-06,37.78584671020508,38.10432377893044,37.22204442360193,37.339980332608015,48206000
2016-01-07,36.87371063232422,37.58580607090798,36.58907215523405,37.146906318410295,63132000
2016-01-08,36.371612548828125,37.32754115646832,36.27258343396732,37.212091978665754,47506000
2016-01-11,36.47909927368164,36.57912309109159,35.80681439023371,36.423365969211204,50896000
2016-01-12,37.08967208862305,37.23895986769762,36.6462924721431,36.86126429235926,46816000
2016-01-13,35.80730438232422,37.47085206192258,35.66846849727574,37.28872036804441,51728000
2016-01-14,36.3954963684082,36.818473390295885,35.08227479339382,36.04964998152667,55558000
2016-01-15,35.35546875,36.03571490352117,34.90860388041495,35.33058618663917,76676000
2016-01-19,35.78292465209961,36.09493622719103,35.32362226178793,35.83617121575216,48724000
2016-01-20,35.757049560546875,36.17455195568186,34.225370939360374,35.12705826805618,82440000
2016-01-21,36.160621643066406,36.70800393118718,35.386323562918435,35.83716726482113,51938000
2016-01-22,37.095645904541016,37.249910963020234,36.848828644757276,36.92346874146934,47146000
2016-01-25,36.50646209716797,37.443981154563524,36.45072880259209,37.015032206718786,45340000
2016-01-26,36.51492691040039,36.79707865966698,36.17554981442512,36.585592032027705,30940000
2016-01-27,35.708282470703125,36.61942318801045,35.50276403488027,36.61942318801045,42428000
2016-01-28,37.23697280883789,37.37929013849401,36.356181690938946,36.73387728992281,62104000
2016-01-29,37.88636779785156,38.07347298049672,37.03294599111045,37.26981630035328,75808000
2016-02-01,38.35512924194336,38.6945063133027,37.88786171152425,38.37951066235783,111522000
2016-02-02,38.859718322753906,40.324714483926286,38.84428915794707,39.83455755687117,135846000
2016-02-03,37.29071807861328,39.38321115140419,36.637837399879935,39.126936682605766,131114000
2016-02-04,36.327816009521484,37.08469921502669,35.95808558154745,37.052352643175105,104922000
2016-02-05,35.02056884765625,36.16310527115123,34.84043032142689,36.10239849669483,109556000
2016-02-08,35.04047393798828,35.05838983961501,33.93824165577193,34.22039337797896,89410000
2016-02-09,34.88421630859375,35.876473946012965,34.26119553702461,34.482636668414315,84300000
2016-02-10,35.17433166503906,35.98893758455886,35.101680958372405,35.42015802669594,60314000
2016-02-11,35.14995193481445,35.446534335880614,34.39506185303676,34.6513363219466,65004000
2016-02-12,35.176326751708984,35.62965716291255,34.91208712706895,35.44105992737206,46538000
2016-02-16,35.71126174926758,35.97201610075822,35.34003551111559,35.76152042119084,43444000
2016-02-17,36.424354553222656,36.51342911521832,35.66001113542623,36.17703615785637,49154000
2016-02-18,35.704795837402344,36.624896367580575,35.60726256917976,36.523384319089516,47276000
2016-02-19,35.93370056152344,36.02924443847554,35.48633835867938,35.62467690228506,34918000
2016-02-22,36.279052734375,36.56767378049238,36.00038623276999,36.30194211227931,37516000
2016-02-23,35.69384765625,36.37110973100749,35.61323559141794,36.132253825254935,41332000
2016-02-24,35.87348556518555,35.8894120749195,34.93398094580679,35.36143404019202,37092000
2016-02-25,36.28253936767578,36.3019435167876,35.491817443959334,35.974510364733455,36146000
2016-02-26,36.07054901123047,36.63285926807521,35.92524379784174,36.50546995628764,42474000
2016-02-29,35.69036865234375,36.35618418571059,35.67145805458296,35.878468545148046,45068000
2016-03-01,36.93193054199219,36.939891899054004,35.761026385814226,35.893392963763745,60112000
2016-03-02,36.798065185546875,36.979198383009255,36.48804685315571,36.9667608991508,36292000
2016-03-03,36.40544891357422,36.87371116306586,36.30791563383755,36.79807256702875,40534000
2016-03-04,36.3372688293457,36.57513000018807,36.10835991287425,36.56517925434152,48516000
2016-03-07,35.47041702270508,36.187489678685246,35.08923999168951,36.08497913581763,61690000
2016-03-08,35.506744384765625,35.94067065267356,35.0325139805428,35.250967258948876,52530000
2016-03-09,36.09791946411133,36.139222091730495,35.463452029619845,35.5883546076181,39544000
2016-03-10,36.43431091308594,36.651769485088636,35.99242331029711,36.216351196987695,44616000
2016-03-11,37.066287994384766,37.06778003704122,36.65973104805113,36.82146011960919,35380000
2016-03-14,37.33351516723633,37.53355900164528,37.006078213251115,37.07126871410774,32824000
2016-03-15,37.34993362426758,37.47135477089283,36.965271340641664,37.123515190697546,29832000
2016-03-16,37.68781661987305,37.769427176641834,37.14740104987417,37.27429301297814,29306000
2016-03-17,37.74354934692383,38.084915791884136,37.68781604978745,37.70224672161412,44564000
2016-03-18,37.59077835083008,37.925675465363916,37.412131881292375,37.90029935225394,56222000
2016-03-21,37.92667770385742,37.98539508927515,37.38476627493231,37.51613816731623,28774000
2016-03-22,37.821678161621094,38.06800189357153,37.7136967867327,37.741563437871186,22096000
2016-03-23,37.69776916503906,38.0874087184711,37.621633224236895,37.985892865219434,24678000
2016-03-24,37.56241989135742,37.697770570860776,37.34645334333497,37.381286657532144,31116000
2016-03-28,37.48478698730469,37.73459212156763,37.42308172502961,37.62859635355816,21676000
2016-03-29,38.11228561401367,38.17648141334366,37.236475562311185,37.50469016017419,40062000
2016-03-30,38.23420333862305,38.68057085700032,38.19638594289485,38.22773402406418,40396000
2016-03-31,37.963497161865234,38.27102498076401,37.732101479856624,38.23420228113315,32554000
2016-04-01,38.30038833618164,38.31879778814161,37.580327812850726,37.677864878287636,31674000
2016-04-04,38.073974609375,38.438234268233664,37.90826674205306,38.292427897933315,26924000
2016-04-05,37.74802780151367,37.96200492941499,37.600232063111754,37.72613312085494,24478000
2016-04-06,38.220767974853516,38.23818652865165,37.6350672051181,37.71170048942834,25312000
2016-04-07,37.82516098022461,38.284960694700956,37.694783785981095,38.083922181938455,25498000
2016-04-08,37.79281234741211,38.173989365149524,37.60869505124779,38.111289407500365,23434000
2016-04-11,37.69676971435547,38.178467863276815,37.686818967588316,38.090387998722086,31774000
2016-04-12,38.03416442871094,38.064020471108954,37.39969695192689,37.74106723527637,27388000
2016-04-13,38.41185760498047,38.602941579231256,38.047597965603316,38.33223643496621,35426000
2016-04-14,38.58502960205078,38.795024174361195,38.4770444339096,38.58353755933097,26992000
2016-04-15,38.814430236816406,38.86071013471034,38.56213455719019,38.59050235022247,31712000
2016-04-18,39.19660186767578,39.23989768016777,38.69549953559888,38.823883540792586,33540000
2016-04-19,38.62782669067383,39.35933010308477,38.33024957173747,39.33693807124687,43952000
2016-04-20,38.561641693115234,38.79751733795195,38.380011106358104,38.77263477141684,34262000
2016-04-21,38.814430236816406,38.89803018362727,38.39393996847017,38.68057161171843,77628000
2016-04-22,36.71297836303711,37.51663507563809,36.3447399499282,37.01851681437049,140798000
2016-04-25,36.93391799926758,37.0667819177962,36.58011029851552,36.59255157926241,49442000
2016-04-26,36.09592819213867,37.102115426203525,35.84462720998508,37.043895391133944,55864000
2016-04-27,35.90135955810547,36.18450217715192,35.285301599331156,36.0934382199998,66262000
2016-04-28,35.08525466918945,36.28950003419015,34.99269867759642,35.99242032041375,62590000
2016-04-29,35.225589752197266,35.43608166454471,35.021563358070836,35.038484564595244,58278000
2016-05-02,35.550537109375,35.60029844209669,35.14995211666399,35.426629226866595,33476000
2016-05-03,35.253456115722656,35.49878133769499,35.19822016514425,35.45548932144332,38620000
2016-05-04,35.39925765991211,35.582380263784756,35.03499804576937,35.17035250679827,34172000
2016-05-05,35.565460205078125,35.70678282602548,35.30371115127965,35.57989087567293,29668000
2016-05-06,36.08647155761719,36.12677948862199,35.42812007417731,35.440561356074525,39952000
2016-05-09,36.28303527832031,36.53980709692824,36.00287293771213,36.162111480847464,38074000
2016-05-10,36.79309844970703,36.8239491860762,36.40644677064663,36.57314932826829,32634000
2016-05-11,36.35369110107422,36.86375322816029,36.2218218804458,36.849819905199894,29834000
2016-05-12,36.230289459228516,36.593554436718975,36.04119485795277,36.42585337607384,27094000
2016-05-13,36.069053649902344,36.39051478166736,36.003365813288134,36.158128209065595,25244000
2016-05-16,36.341251373291016,36.459684623514455,35.82870248682955,36.04367430690975,22538000
2016-05-17,35.838157653808594,36.61743291287613,35.72918159411682,36.37907435812318,33404000
2016-05-18,35.91728210449219,36.10587933263704,35.580889130022136,35.75406099102888,32536000
2016-05-19,35.59531784057617,35.85358547347792,35.34650740369304,35.744108273801984,30598000
2016-05-20,35.913795471191406,36.21186989339292,35.58039039159985,35.65254754551724,34798000
2016-05-23,35.691856384277344,36.002869430143384,35.676431018001054,35.82770818872344,24816000
2016-05-24,36.47710418701172,36.53532422043062,35.81128492644181,35.82123947014082,37884000
2016-05-25,36.72939682006836,36.8184713849409,36.45570760742253,36.57513555845805,32216000
2016-05-26,36.671180725097656,36.878688568217406,36.47561681732846,36.624900823024184,27202000
2016-05-27,37.2021369934082,37.21756235945067,36.67515364147861,36.7000362033891,34802000
2016-05-31,37.264347076416016,37.4947443078765,37.101125941805904,37.25986715134066,42484000
2016-06-01,37.24493408203125,37.389741945646556,37.039912996326414,37.24543142957814,20788000
2016-06-02,37.03643035888672,37.187210184706785,36.674657487115496,37.127494312106414,33916000
2016-06-03,36.61793518066406,36.898097542336515,36.52089924546627,36.898097542336515,24608000
2016-06-06,36.32931137084961,36.749304309578505,36.241235292335965,36.749304309578505,29992000
2016-06-07,36.38056182861328,36.66022297340744,36.36613115864284,36.489044323676524,24314000
2016-06-08,36.969749450683594,37.013538814589296,36.613454979168225,36.79906432648796,32314000
2016-06-09,36.94934844970703,37.0195124231962,36.64978195827462,36.678145956215076,19180000
2016-06-10,36.485069274902344,36.80603310591473,36.35170798875749,36.62241313824325,29050000
2016-06-13,36.41987991333008,36.77418498914259,36.317369370891306,36.317369370891306,23354000
2016-06-14,36.48805236816406,36.62489888020248,36.152160525756656,36.29199112320116,26584000
2016-06-15,36.435306549072266,36.68212381904572,36.391513387774275,36.57115456793354,23234000
2016-06-16,36.04019546508789,36.34573391024414,35.60676656460802,36.22481011719919,45002000
2016-06-17,35.04495620727539,35.89787694918053,34.889199091506015,35.89787694918053,82262000
2016-06-20,35.13850402832031,35.62318629803756,35.102676022153176,35.346509199654975,45654000
2016-06-21,35.27534866333008,35.5988029898612,35.0653541129458,35.33356869569454,30318000
2016-06-22,35.35447311401367,35.5405836170705,35.12606528706389,35.5326222591849,29058000
2016-06-23,35.57342529296875,35.573922640521026,34.845904534187724,35.358453457452576,42500000
2016-06-24,34.09698486328125,35.08227598701399,34.08255419023374,34.34430328852033,95436000
2016-06-27,33.89495086669922,34.003930729979515,33.47296853526772,33.962130754549584,58146000
2016-06-28,34.39854431152344,34.47219351555585,34.07956987082074,34.40401893146337,38246000
2016-06-29,34.59410858154297,34.808583084268555,34.46920599949296,34.54783247671888,43124000
2016-06-30,35.00912094116211,35.02106487519846,34.57967462885375,34.71652113309417,42250000
2016-07-01,35.34352493286133,35.456980917898974,35.01907589574005,35.08725047489013,30984000
2016-07-05,35.07679748535156,35.23752805797231,34.790169649912485,35.08276945225284,28440000
2016-07-06,35.27983093261719,35.48037209688001,34.783702069554415,34.82550204340118,28902000
2016-07-07,35.194732666015625,35.33954052161344,34.86680221309976,35.3365564364973,21174000
2016-07-08,35.718231201171875,35.72420316801821,35.23703038625002,35.35894886770982,29946000
2016-07-11,36.18699645996094,36.27308315396238,35.772478113272534,35.799847417663116,28822000
2016-07-12,36.451229095458984,36.604993015486855,36.20192129228202,36.421870403239645,26468000
2016-07-13,36.30044937133789,36.60101434647031,36.27755999387385,36.60101434647031,20436000
2016-07-14,36.614952087402344,36.631869499623505,36.35568970787568,36.52239227816718,21408000
2016-07-15,36.60648727416992,36.873707171058285,36.557219495496625,36.873707171058285,32342000
2016-07-18,37.480804443359375,37.577343015346365,36.650275834373154,36.719942453688915,38698000
2016-07-19,37.49125671386719,37.64949675323835,37.24642505218371,37.31509697713922,30436000
2016-07-20,37.67388153076172,37.85103596049637,37.52310170613116,37.52310170613116,22502000
2016-07-21,37.541015625,37.72712609693844,37.39720246988223,37.669896965464176,19062000
2016-07-22,37.78335952758789,37.79181823226763,37.45393322370042,37.68582625863699,20920000
2016-07-25,37.695777893066406,37.81023237061646,37.524098075014415,37.70373925039624,21466000
2016-07-26,37.702247619628906,37.78236613444382,37.458414438849495,37.69577830487533,23792000
2016-07-27,37.91721725463867,38.04062777879965,37.6166560977368,37.76793326951181,32172000
2016-07-28,38.109798431396484,38.265555533091906,37.77390280873279,38.25908621847949,73464000
2016-07-29,39.37873077392578,40.00573032882609,39.31204824178973,39.695715780509445,101810000
2016-08-01,39.856449127197266,40.18239020828324,39.065229924339754,39.14634313308739,60594000
2016-08-02,39.81563949584961,39.92511668900275,39.53747038553134,39.676803614436885,39928000
2016-08-03,39.755924224853516,39.78677875260069,39.46232974475702,39.63400954600312,29206000
2016-08-04,39.67282485961914,39.81962211160372,39.50711701144837,39.72208884197449,21520000
2016-08-05,40.15452194213867,40.168952613518584,39.7006904253242,39.815144897855156,36146000
2016-08-08,40.06993103027344,40.18786694646204,39.89377127907749,40.10824577615856,24426000
2016-08-09,40.1818962097168,40.47300400403045,40.01170842073577,40.03310575668725,32154000
2016-08-10,40.232154846191406,40.351085461034025,40.132632176923565,40.16049882804228,18370000
2016-08-11,40.21772003173828,40.50036909107159,40.10824282888888,40.3306786673458,25646000
2016-08-12,40.160491943359375,40.16745860494476,39.99080153125009,40.062958681163934,17946000
2016-08-15,40.106258392333984,40.37497416073222,40.0102171542101,40.16846101104062,18596000
2016-08-16,39.86888885498047,40.02165807003204,39.66038254789947,39.983836878642,21158000
2016-08-17,40.079383850097656,40.08983574208078,39.6255522976536,39.80967340390332,21322000
2016-08-18,39.9465217590332,40.207773512112105,39.89078845667466,40.0764016141889,17292000
2016-08-19,39.79225158691406,39.87087805448515,39.654414187993936,39.79921824881618,22416000
2016-08-22,39.65789794921875,39.77483916584482,39.52752075552498,39.73552592975096,17056000
2016-08-23,39.639976501464844,39.85942823183583,39.610120466178834,39.83355097643025,18350000
2016-08-24,39.49119186401367,39.7330356330239,39.34986544368423,39.653414472858714,25672000
2016-08-25,39.37674331665039,39.54693110434047,39.17421274975734,39.41157663032422,24054000
2016-08-26,39.472286224365234,39.779817868774025,39.282694292480166,39.435960868838855,24978000
2016-08-29,39.60166931152344,39.73602529246802,39.327976280742824,39.46382810097341,15474000
2016-08-30,39.407588958740234,39.71014327013035,39.285670490115145,39.45536089193581,23348000
2016-08-31,39.304588317871094,39.39017765747067,39.17271907897596,39.29214703567327,21428000
2016-09-01,39.3817138671875,39.45586040668983,39.12942200904371,39.410575208370126,26070000
2016-09-02,39.65391159057617,39.665358176333704,39.4742704302813,39.57429422741824,26998000
2016-09-06,40.20876693725586,40.35158162176543,39.58226085655379,39.729555465770844,39790000
2016-09-07,40.207271575927734,40.33714761971504,39.9947864866621,40.20428369418724,22906000
2016-09-08,39.95099639892578,40.228672001741586,39.859932438396655,40.06943345857169,23554000
2016-09-09,39.236412048339844,39.89675670608522,39.215014714360365,39.74846361431118,37752000
2016-09-12,39.75095748901367,39.818133581854106,38.98859957273487,39.039359398736714,37274000
2016-09-13,39.24835968017578,39.60017804994531,39.02990259882182,39.51160082387922,36180000
2016-09-14,39.334938049316406,39.627044293847014,39.189135499083065,39.189135499083065,25842000
2016-09-15,39.87088394165039,39.99130660186931,39.24537252412938,39.31255241544291,31144000
2016-09-16,39.708656311035156,39.760908179715216,39.492192419103,39.760908179715216,42612000
2016-09-19,39.580265045166016,40.00821927478712,39.489201098893844,39.86490346940781,22990000
2016-09-20,39.79872131347656,39.946517054074114,39.72308272682073,39.80967055224158,20984000
2016-09-21,40.05997848510742,40.1037716495786,39.61211887116356,39.87237593381321,26970000
2016-09-22,40.60337829589844,40.7581369088976,40.19333991600126,40.307293250377285,35186000
2016-09-23,40.554115295410156,40.655627350329574,40.44314604366209,40.563071348127444,28234000
2016-09-26,39.94153594970703,40.31127014294302,39.83205875874568,40.29833151529716,29454000
2016-09-27,40.3436164855957,40.48096033393408,39.90073420773013,39.90073420773013,27346000
2016-09-28,40.31027603149414,40.31973322778755,39.94800960422908,40.01269895294182,29406000
2016-09-29,39.941043853759766,40.50186206088719,39.85246663506949,40.169451664434156,27000000
2016-09-30,40.01170349121094,40.21224464457858,39.88431418637398,39.98881411531352,33204000
2016-10-03,39.828582763671875,39.985828113729205,39.62206963371948,39.936564130380326,29784000
2016-10-04,39.94850540161133,40.133123837384396,39.79324945210685,40.05847994773781,25174000
2016-10-05,39.87088394165039,40.232653066452585,39.845006680322726,40.10824782889612,24276000
2016-10-06,39.96294021606445,40.155520028631834,39.83505355295293,40.01270154880611,21998000
2016-10-07,39.845001220703125,40.10525824802248,39.65142672796149,40.104760900491755,23262000
2016-10-10,40.514801025390625,40.67453691026501,39.92113889243623,40.0052361873417,29922000
2016-10-11,40.28589630126953,40.79794788262201,40.17641909382341,40.51480146386312,34432000
2016-10-12,40.39537048339844,40.53121849087031,40.235137261237846,40.404823882834044,18158000
2016-10-13,40.012699127197266,40.1361096547173,39.74099930556522,40.111728235664394,27380000
2016-10-14,40.03857421875,40.31176986476155,39.92511824124324,40.18039798717935,22238000
2016-10-17,40.15004348754883,40.4809618394378,40.000262148922076,40.10774616691513,21128000
2016-10-18,40.87906265258789,41.243318499165625,40.47300303374021,40.51679239977069,45786000
2016-10-19,41.145286560058594,41.29258496208381,40.94823062267222,40.94823062267222,30002000
2016-10-20,40.886024475097656,41.22639620805984,40.83228057080206,41.18111100811368,27878000
2016-10-21,41.0069465637207,41.01839315030952,40.720816067915464,40.80491336129155,32316000
2016-10-24,41.58816909790039,41.69764630662926,41.254763996077955,41.307015862624475,28952000
2016-10-25,41.23038101196289,41.72551137373422,41.06865194282186,41.72551137373422,37814000
2016-10-26,40.9094123840332,41.188580008025035,40.623281894589574,41.15921752089083,35898000
2016-10-27,40.67304611206055,41.13234848900323,40.536696947614494,40.9547004937156,59470000
2016-10-28,40.78302001953125,41.75039519199988,40.65562690987761,41.29955152743487,87098000
2016-10-31,40.30231857299805,40.93579133099999,40.20777317674068,40.92583678620672,44854000
2016-11-01,40.082366943359375,40.50435305493529,39.72308458903751,40.35058534021601,47118000
2016-11-02,39.233428955078125,40.14606551576742,39.06324117747868,40.14606551576742,47014000
2016-11-03,38.92340850830078,39.3120495349297,38.74625407782457,39.03835653220735,43504000
2016-11-04,38.869171142578125,39.23641487255526,38.366572940289686,38.38150096074094,39412000
2016-11-07,39.91069412231445,40.05848608515227,39.456365197097675,39.55837840202606,39852000
2016-11-08,40.405818939208984,40.6078521341747,39.79075950577065,39.910688597112795,35382000
2016-11-09,40.08783721923828,40.39238093726182,39.413563091777206,39.90073205249655,61970000
2016-11-10,38.828861236572266,40.31027736376956,38.22872978771781,40.307293278449485,118192000
2016-11-11,38.403892517089844,38.67957111029415,38.09486886054822,38.655687039537554,71852000
2016-11-14,37.4818000793457,38.405385850811534,37.00259243661968,38.40439115573148,73766000
2016-11-15,38.57358169555664,38.82637472634721,38.07894866985191,38.09138615530464,58878000
2016-11-16,38.813438415527344,38.98859967945082,38.134186899123115,38.337712161632815,35968000
2016-11-17,39.12096405029297,39.257313212036046,38.806966896783955,38.93883613396121,30674000
2016-11-18,38.6138916015625,39.376245716824,38.583040865311794,39.171228413319874,36126000
2016-11-21,39.053287506103516,39.14036888033235,38.630306729821406,38.71987863818697,32616000
2016-11-22,39.063236236572266,39.49964916986298,39.00053628360753,39.26178798590013,27884000
2016-11-23,38.76466751098633,39.28816565135865,38.448677187525774,39.28816565135865,26260000
2016-11-25,38.82587814331055,38.95874207782654,38.724362291641114,38.944311405318395,12270000
2016-11-28,39.1025505065918,39.796729931624256,38.71987766814313,38.73231894887726,51508000
2016-11-29,39.28418731689453,39.63252045368717,39.08016091066852,39.23143810051745,31240000
2016-11-30,38.609405517578125,39.38718867343479,38.473557515064954,39.26726338408859,45582000
2016-12-01,38.03465270996094,38.74475861522511,37.488762591834785,38.74227187780024,57342000
2016-12-02,38.04113006591797,38.341695058393825,37.76943021640131,37.91374074501135,34376000
2016-12-05,38.725852966308594,38.814430185038944,38.166029454024375,38.316809285230754,33770000
2016-12-06,38.62434005737305,39.07717693299962,38.4820227167535,38.82388653933868,34682000
2016-12-07,39.38520050048828,39.41157130856539,38.49246550272206,38.81194104675904,40588000
2016-12-08,39.5693244934082,39.75991492825919,39.20805271397053,39.45885258103008,32250000
2016-12-09,40.2799186706543,40.304801231228545,39.71263121778189,39.77483382267181,38090000
2016-12-12,40.20279312133789,40.37447293994612,40.03509587968057,40.04952655174005,32572000
2016-12-13,40.573020935058594,41.01889111609968,40.40383165066971,40.42622368009538,42564000
2016-12-14,40.69991683959961,41.016901871726546,40.4456317680152,40.60188622009199,35994000
2016-12-15,40.58844757080078,40.95419921482472,40.40681321931545,40.67353955524626,35394000
2016-12-16,40.29933166503906,40.765103340607226,40.213738531306724,40.72081662936359,51978000
2016-12-19,40.43170166015625,40.61681747119587,40.03360338672996,40.271468414910714,25272000
2016-12-20,40.56605529785156,40.63025109899196,40.35705542483843,40.47499133864915,25438000
2016-12-21,40.416770935058594,40.59193218944214,40.063460544391944,40.59193218944214,29192000
2016-12-22,40.2913703918457,40.360539666927835,40.10973602890157,40.26250904768992,22632000
2016-12-23,40.19781494140625,40.35556143194284,40.06395631894322,40.208266832824954,15310000
2016-12-27,40.30380630493164,40.6058633047742,40.09829167445342,40.24160369453936,19520000
2016-12-28,40.037086486816406,40.47300213679277,39.93109450712628,40.47300213679277,24296000
2016-12-29,39.95298767089844,40.095802347753484,39.71711585114539,39.92561836963975,21148000
2016-12-30,39.43396759033203,39.973388436381704,39.293138513718766,39.9694058596478,34718000
2017-01-03,40.20826721191406,40.37894853662925,39.654913019243565,39.840522363372415,39180000
2017-01-04,40.196327209472656,40.477981605343864,40.01419928033772,40.30182184732124,30306000
2017-01-05,40.457576751708984,40.49340475915594,40.10426635634803,40.18288903370514,26810000
2017-01-06,41.06417465209961,41.25078248283081,40.38193532954108,40.55560453138369,40342000
2017-01-09,41.16220474243164,41.32393000838482,40.88552765708482,41.121896813687925,28178000
2017-01-10,41.103981018066406,41.27317409040772,40.96116634730991,41.15673022814405,23948000
2017-01-11,41.29556655883789,41.297555948961346,40.878064187680906,41.134338638279154,26508000
2017-01-12,41.279144287109375,41.32144160424439,40.85516882765907,41.22191515520979,26990000
2017-01-13,41.34931182861328,41.53392647885099,41.278650511439196,41.35229591389691,25804000
2017-01-17,41.17613983154297,41.3114904983275,40.9641520841797,41.302534445960255,28818000
2017-01-18,41.25376892089844,41.29308215733705,41.00794255108676,41.29258480977805,20554000
2017-01-19,41.02237319946289,41.451823325044344,41.001974356463236,41.252774201718644,21410000
2017-01-20,41.21147155761719,41.26471811874673,41.03381976903004,41.257250312276724,26124000
2017-01-23,42.02060317993164,42.075839131684646,41.23784645516513,41.38265432318103,49148000
2017-01-24,42.274391174316406,42.373416491425736,41.91361297264232,42.14749541082823,33768000
2017-01-25,42.718265533447266,42.73518294270569,42.28483664866747,42.47443236252664,33108000
2017-01-26,42.64511489868164,42.84515871300565,42.32365374124597,42.74812278940755,69866000
2017-01-27,42.05046081542969,43.143733304955006,41.89470749859335,42.74563883710594,75050000
2017-01-30,40.99550247192383,41.66231262723893,40.85616543674755,41.653853922724814,70338000
2017-01-31,40.81436538696289,40.95768120208487,40.47648038565885,40.78002942489864,40404000
2017-02-01,40.56804656982422,41.00396219719607,40.419256131374745,41.00396219719607,45020000
2017-02-02,40.718326568603516,41.0318301699909,40.40930668831232,40.55610394479416,33784000
2017-02-03,40.81138229370117,41.10995406838575,40.772566406408274,40.96067007931651,30562000
2017-02-06,40.88553237915039,40.9238471256761,40.520775384778204,40.85069906569682,27018000
2017-02-07,41.264217376708984,41.39807980217491,40.96863346913715,41.07860802537731,33332000
2017-02-08,41.29656219482422,41.51402456023969,41.059198334628675,41.32890876779756,26044000
2017-02-09,41.30551528930664,41.4010591622122,41.12836466331737,41.38861788145596,23884000
2017-02-10,41.54387664794922,41.65832731650744,41.327910142245834,41.449327472278355,28302000
2017-02-13,41.74840545654297,41.88674400791161,41.613548338063204,41.68570169908085,25914000
2017-02-14,41.8016471862793,41.899677803944556,41.59264732173212,41.78870855706264,27266000
2017-02-15,41.66679000854492,41.88823113425584,41.61205141148867,41.74093275108283,27144000
2017-02-16,41.90814208984375,41.93401555283269,41.66380776004486,41.72551302695011,20102000
2017-02-17,42.126094818115234,42.145502761293365,41.78920451180567,41.86534044539218,29224000
2017-02-21,42.261451721191406,42.40725428240665,42.12609725518668,42.197757065178806,25206000
2017-02-22,42.36545181274414,42.48637180287904,42.13405613052335,42.19825192685588,24488000
2017-02-23,42.347537994384766,42.4281538561359,41.92456098705899,42.35152057133574,27734000
2017-02-24,42.18880081176758,42.21617011583443,41.94745434769077,42.18083945365575,26924000
2017-02-27,42.28135681152344,42.33111814265404,41.94994110695986,42.04647968390264,20206000
2017-02-28,42.04548263549805,42.23955828769776,41.871813419859556,42.16590908530682,27662000
2017-03-01,42.633670806884766,42.69587341746,42.24900855707567,42.366447116214076,36374000
2017-03-02,42.29030990600586,42.620730892351816,42.2340792640722,42.611771043930815,25018000
2017-03-03,42.25199890136719,42.33858674008453,42.03454030417983,42.245032238323105,20100000
2017-03-06,42.16192626953125,42.245028871830826,41.85837720542324,42.141523629631855,20958000
2017-03-07,42.355003356933594,42.46348587116771,42.07484481515163,42.16142885027528,20774000
2017-03-08,42.47890853881836,42.64262699489638,42.359977936701156,42.453031280820824,20576000
2017-03-09,42.68790817260742,42.830726641822416,42.43063902624437,42.481398846899495,26954000
2017-03-10,42.86555862426758,43.005886554929475,42.67646406113579,42.929750622850754,26732000
2017-03-13,43.02330780029297,43.15019976285046,42.83620261551838,42.83669996306633,23332000
2017-03-14,43.08949279785156,43.17259539654285,42.80186646147932,42.98200498323474,21234000
2017-03-15,43.2129020690918,43.28704861976959,42.860089014586535,43.19051003857989,26658000
2017-03-16,43.29301834106445,43.4278754578069,43.16960781104474,43.31939294735396,22090000
2017-03-17,43.410953521728516,43.512966715781445,43.21190440557663,43.47614021848657,37366000
2017-03-20,43.18901443481445,43.30993442684573,43.0277865132574,43.267139759650235,30844000
2017-03-21,42.304744720458984,43.46569441403792,42.182826228711676,43.29600398003494,50760000
2017-03-22,42.28782653808594,42.56400629457853,42.1484894943986,42.271900026593926,27334000
2017-03-23,41.78273391723633,41.88424975775667,41.451819384477666,41.86932173932195,65754000
2017-03-24,41.558311462402344,41.99920436577264,41.25775029404691,41.899677908682726,42114000
2017-03-27,41.726009368896484,41.86882784391642,41.01889124916954,41.20748847829098,38692000
2017-03-28,41.83150863647461,42.06887250633456,41.41549448494724,41.78473138978079,30384000
2017-03-29,42.29130935668945,42.376898698010145,41.86882967685593,41.93700425998651,29146000
2017-03-30,42.27190399169922,42.397303925888714,42.13705065647636,42.39630923067958,18988000
2017-03-31,42.18830108642578,42.27588361381284,42.060911770723095,42.14003179633089,28820000
2017-04-03,42.633670806884766,42.745634746610975,42.17486201260946,42.23557258058484,39388000
2017-04-04,42.425662994384766,42.44706032661911,42.17386468604934,42.19824989984302,26970000
2017-04-05,42.243534088134766,42.824754918951655,42.1743648153011,42.53215511340298,37104000
2017-04-06,42.05394744873047,42.476427148329925,41.99920884063535,42.2728980845644,30672000
2017-04-07,41.904659271240234,42.092759168164456,41.66580334400054,42.04896980069803,22232000
2017-04-10,41.8847541809082,42.13555784123607,41.83947277044317,41.87679282283449,20924000
2017-04-11,41.794185638427734,42.03055481796103,41.531441851364306,41.88475225173291,19486000
2017-04-12,41.87281036376953,41.98527165520635,41.68023055794506,41.72352257422532,22716000
2017-04-13,41.80910873413086,41.985765811780446,41.69316601864354,41.85190339960691,21474000
2017-04-17,42.55305862426758,42.57843853684205,41.85141129401871,41.86882984882674,20982000
2017-04-18,42.49633026123047,42.66551955280892,42.35998109558671,42.42417310128657,18724000
2017-04-19,42.621726989746094,42.805346940229015,42.473433900407464,42.665516352071535,21606000
2017-04-20,42.79937744140625,42.99095874304331,42.670989647076645,42.78245623611521,23776000
2017-04-21,42.74314498901367,42.91681799148341,42.682438216481344,42.826247587135,23458000
2017-04-24,43.73739242553711,43.788649595168835,43.09944358901415,43.21539010857216,33930000
2017-04-25,44.23053741455078,44.40022404576714,43.75481119630342,43.90310049328697,40760000
2017-04-26,44.24546432495117,44.43704942969253,44.04691255815642,44.3574282653417,26466000
2017-04-27,44.35991668701172,44.45645526435154,44.14793273214517,44.28826067361263,46846000
2017-04-28,46.006046295166016,46.572335290313646,45.9413531524303,46.22897947248062,76918000
2017-05-01,46.419071197509766,46.56835898470627,45.82093294672813,45.98763549105475,46556000
2017-05-02,46.631553649902344,46.92515193567673,46.328501964782554,46.44146439214126,35026000
2017-05-03,47.19685745239258,47.28393883673335,46.53800858998192,46.579808565636625,36496000
2017-05-04,47.50886535644531,47.72881447508053,47.14311367019751,47.288418890232826,38752000
2017-05-05,47.28791809082031,47.693977680464066,47.179435582153296,47.608384548319535,32310000
2017-05-08,47.706417083740234,47.82086775839251,47.14460041533586,47.14709094948871,37534000
2017-05-09,47.607887268066406,47.88108293028391,47.49293924120445,47.837790914882554,33758000
2017-05-10,47.514835357666016,47.607888705866756,47.26602490366015,47.58350728595059,22920000
2017-05-11,47.567081451416016,47.67158517871898,47.20481502479213,47.338176298822916,20622000
2017-05-12,47.529762268066406,47.67108490179041,47.376495700168334,47.66461938370445,24298000
2017-05-15,47.7327880859375,47.90595993772956,47.41431102984759,47.53722420595458,26754000
2017-05-16,48.00101089477539,48.06520290012975,47.78902693387135,47.94826547660719,22030000
2017-05-17,46.88434600830078,47.8208665536449,46.77934493919996,47.756674556090694,48982000
2017-05-18,47.298866271972656,47.481988873149206,46.839560133349714,46.93560135825255,36010000
2017-05-19,47.50537872314453,47.74971305203154,47.37350948468467,47.41431476409293,27206000
2017-05-22,47.97413635253906,48.01146019750027,47.600423334661286,47.62231801616788,27748000
2017-05-23,48.29659652709961,48.49365245936497,47.995534212582214,48.267237835588205,30908000
2017-05-24,48.64791488647461,48.673290999682955,48.35033781744656,48.530973677760734,22660000
2017-05-25,49.357025146484375,49.552095485591266,48.658365736310465,48.71708691602605,39082000
2017-05-26,49.427188873291016,49.582444819953565,49.13309324429243,49.363987774252244,32728000
2017-05-30,49.571502685546875,49.64365984662512,49.33214941709596,49.38887741356188,30324000
2017-05-31,49.119659423828125,49.74218287341174,48.850446344625254,49.57349094352567,34482000
2017-06-01,49.17937469482422,49.42072112319245,48.83103780400758,49.31223861817131,26128000
2017-06-02,49.56901550292969,49.58693140528017,49.11866917175478,49.19430776521286,34710000
2017-06-05,49.95516586303711,50.130327109305014,49.535670301012566,49.65709143758712,27578000
2017-06-06,49.59687805175781,50.190540163002645,49.5033273602321,49.92680170113388,31042000
2017-06-07,49.836734771728516,49.95666007435565,49.556572438498584,49.71680567255514,27482000
2017-06-08,49.97507095336914,50.04075499675099,49.593893932411916,49.972580419153864,33758000
2017-06-09,48.27519989013672,50.03578365934579,47.44168335326146,50.0352863117907,72958000
2017-06-12,47.86167526245117,48.16970423709149,46.61712567527666,47.70791134717635,84042000
2017-06-13,48.29410934448242,48.662845091034455,47.87162589433564,48.370742628162596,40108000
2017-06-14,48.166221618652344,48.7519224167347,47.747223374131224,48.5429225403188,30110000
2017-06-15,47.78056335449219,47.805445918580425,46.79477873239831,47.175458424361636,48552000
2017-06-16,47.70293045043945,47.7691156342942,47.20929216899934,47.66759979473176,51184000
2017-06-19,48.528987884521484,48.73201578796598,48.17965627505127,48.25180963640218,29376000
2017-06-20,48.218971252441406,48.80616409833871,48.17965801467419,48.53346576494,25946000
2017-06-21,48.696685791015625,48.74445773304289,48.241859544900535,48.308542084022115,23232000
2017-06-22,48.59865188598633,48.79172903131025,48.43393873611457,48.611089370807804,20190000
2017-06-23,49.06989669799805,49.09627130253872,48.491162626835546,48.54291714088454,31280000
2017-06-26,48.37322998046875,49.46302096849482,48.28564745663032,49.26446919634596,30358000
2017-06-27,47.17893981933594,48.13088962053102,47.12917848774571,47.851228431273455,48872000
2017-06-28,47.82186508178711,47.932834329888756,46.58527684147168,47.306829424452914,54912000
2017-06-29,46.667884826660156,47.356593529036275,46.25884112143478,47.3411681610303,64134000
2017-06-30,46.262821197509766,47.02517526565586,46.25933596810688,46.97491658718593,45754000
2017-07-03,45.754249572753906,46.48973545966682,45.54773644941604,46.438975638745276,33896000
2017-07-05,46.391204833984375,46.59174599526201,45.712948065906474,45.9901225114291,41882000
2017-07-06,46.16379165649414,46.584281922451495,45.77365857359319,46.029933032156634,40298000
2017-07-07,46.816673278808594,47.00825839140288,46.26829254771167,46.328008423422496,33266000
2017-07-10,47.32374572753906,47.42974149767488,46.87339943098436,46.87339943098436,29030000
2017-07-11,47.44964599609375,47.51732323088212,47.031148898149375,47.29986465048225,29224000
2017-07-12,48.15278625488281,48.25081687936455,47.62431458970296,47.8144038711861,32042000
2017-07-13,48.21200180053711,48.70215868914434,48.01046594414913,48.309037723855255,30492000
2017-07-14,48.61308288574219,48.64443096659213,48.27668992174686,48.46827502577142,21592000
2017-07-17,48.56581115722656,48.933552223751065,48.309039342146846,48.58372705915848,33210000
2017-07-18,49.11268997192383,49.30676180101618,48.37073861592674,48.43642265511306,28266000
2017-07-19,49.402313232421875,49.543138527974186,49.11568157244268,49.26496936991681,28242000
2017-07-20,49.373451232910156,49.69640444800546,48.99675031116577,49.612804497421806,28368000
2017-07-21,49.45555877685547,49.51875608689976,48.97435792042248,49.21470967485501,29266000
2017-07-24,49.67799758911133,50.070123899145884,49.27790992096918,49.46850035413997,79690000
2017-07-25,48.2209587097168,48.60412513778093,47.96070166923897,48.30406131010219,118672000
2017-07-26,48.03584289550781,48.46578656949827,47.78305366154828,48.407566533111606,44432000
2017-07-27,47.398887634277344,48.24534278192702,46.63006426205731,48.228421575789994,74358000
2017-07-28,47.68850326538086,47.86068042894375,47.04059988893956,47.17396496141067,36276000
2017-07-31,47.05005645751953,47.83082375192424,46.862450132985806,47.771605226171395,45670000
2017-08-01,47.10279846191406,47.497411432878934,47.02318109983879,47.165001068382104,28052000
2017-08-02,47.15654754638672,47.229202051439785,46.40414421953704,47.19287290064014,40788000
2017-08-03,46.791290283203125,47.27398313954903,46.74849561687678,47.22919908312733,22478000
2017-08-04,47.064491271972656,47.15157265707047,46.766416819917055,46.97292616555991,25092000
2017-08-07,47.06249237060547,47.222232041578145,46.950528433905404,47.15057223671518,28916000
2017-08-08,46.984867095947266,47.39789335391324,46.899775106611926,46.989844367977724,30102000
2017-08-09,46.78034973144531,46.96347234955809,46.47381278014449,46.69923651802782,28018000
2017-08-10,45.95976638793945,46.592240568206385,45.86969713219697,46.52755122203389,54148000
2017-08-11,46.283226013183594,46.44594599056053,45.84183573577295,45.965743619619225,32334000
2017-08-14,46.723121643066406,46.828118932126614,46.50217782493842,46.73008830583129,23012000
2017-08-15,46.68082046508789,46.92913356618852,46.609164453006656,46.827617718618306,22130000
2017-08-16,46.988853454589844,47.2690120087494,46.778357731732356,46.83857095885377,26906000
2017-08-17,46.16230010986328,46.96595680516212,46.16130541475995,46.9231621364417,33914000
2017-08-18,46.08864974975586,46.32949883781465,45.95280173719388,46.12846033216391,26748000
2017-08-21,45.82441711425781,46.19166084054602,45.71145847030445,46.068254101000285,26024000
2017-08-22,46.79627227783203,46.87390026139174,46.08815563570246,46.12746887332953,35502000
2017-08-23,46.90475082397461,47.04657080149952,46.53949651858741,46.627075242762075,22690000
2017-08-24,46.621604919433594,47.09036066813219,46.31556533943704,46.960981970611755,25892000
2017-08-25,46.303627014160156,46.81269071257735,46.28372172225197,46.73705212194473,23746000
2017-08-28,46.185691833496094,46.52009163113949,46.08517067724945,46.37229967697666,20988000
2017-08-29,46.564876556396484,46.686297702251814,45.74678915250685,45.77863837996543,23172000
2017-08-30,46.95699691772461,47.067966157422376,46.480276040474976,46.5608918958153,22406000
2017-08-31,47.53474044799805,47.63227372034157,47.087378220932,47.08986495870487,33866000
2017-09-01,47.37301254272461,47.688505541222874,47.28792055024156,47.645710871197934,20858000
2017-09-05,46.850013732910156,47.34315470772802,46.557410123217586,47.117730982473304,29148000
2017-09-06,46.87688446044922,47.0002911904029,46.41210369766229,46.96894310951603,27830000
2017-09-07,47.26851272583008,47.29886991021533,46.65345323904515,46.987856835573055,22332000
2017-09-08,46.84653091430664,47.30882117875559,46.7768642885438,47.25905984557447,19998000
2017-09-11,46.94008255004883,47.407346261766264,46.826125421356714,47.134651742757455,26748000
2017-09-12,47.10728454589844,47.17894056079079,46.65196095142696,47.120720523259045,25696000
2017-09-13,47.29587936401367,47.415808459001966,47.01223560777984,47.050056800102276,21908000
2017-09-14,46.7828369140625,47.175957905852165,46.69475703719962,47.074939398801845,28548000
2017-09-15,46.541988372802734,46.863453351442594,46.34094984796109,46.78084809350623,39886000
2017-09-18,46.26630401611328,46.62011175929605,46.04984013203193,46.52805310451135,29474000
2017-09-19,46.62010955810547,46.67385346505044,46.11253791702076,46.44843353888076,24854000
2017-09-20,47.15156555175781,47.27398137588372,46.65195530514841,46.663401890861714,40080000
2017-09-21,47.15206527709961,47.4133169992923,46.745512145118674,47.180930416591146,27414000
2017-09-22,46.93859100341797,47.273989309011846,46.81816834565072,46.91420958192986,21496000
2017-09-25,46.49172592163086,46.76392309475659,46.00554781411949,46.7489950752753,37468000
2017-09-26,46.648475646972656,46.97939401170865,46.53352761479029,46.611652944454676,33454000
2017-09-27,47.76662826538086,48.04181331667597,46.87339967718217,46.91271291209465,46692000
2017-09-28,48.010963439941406,48.07913422301119,47.550165241371076,47.584998552501915,28018000
2017-09-29,48.454345703125,48.55834829458919,48.070180768282405,48.070180768282405,40622000
2017-10-02,48.14332962036133,48.65438649289448,47.868641913996186,48.550383907918714,30782000
2017-10-03,48.37273025512695,48.390646155672165,47.90646125543225,48.14780388771841,21666000
2017-10-04,48.10899353027344,48.488181168159414,48.05076969881455,48.35680928240225,21156000
2017-10-05,49.025115966796875,49.090803813931856,48.28266713441504,48.40806706453113,35618000
2017-10-06,49.44560241699219,49.47645694780276,48.69270175080465,48.76684829771378,31060000
2017-10-09,49.379425048828125,49.78498353454593,49.33911711474215,49.513283684978,25910000
2017-10-10,49.15499496459961,49.63619583245507,48.822087199527125,49.528210662909345,23268000
2017-10-11,50.04324722290039,50.138791104273416,49.161958752772456,49.21669735571437,36300000
2017-10-12,50.04324722290039,50.33634438517803,49.81682880132665,49.95317796113079,30614000
2017-10-13,50.153717041015625,50.4965755199436,50.113409111809155,50.21542230365035,26552000
2017-10-16,50.22736358642578,50.359232819258786,49.83772785496904,50.241296910675715,21420000
2017-10-17,50.309471130371094,50.48662556402554,50.063151220047914,50.13232049326274,20260000
2017-10-18,50.39605712890625,50.57370510710814,50.026820255765486,50.31195983951597,25596000
2017-10-19,49.85365295410156,50.12635128164839,49.62773567004797,49.9984608230286,34284000
2017-10-20,50.014381408691406,50.192526729559866,49.87504437949052,50.11290936656235,32120000
2017-10-23,49.04253005981445,50.05021313044608,48.92110892145336,50.01985594758274,32786000
2017-10-24,49.189327239990234,49.22764578003375,48.621542377300486,49.09030192740181,28902000
2017-10-25,49.33712387084961,49.4849158210749,48.65339247720178,49.07885622293614,30574000
2017-10-26,49.33512878417969,50.086040033805716,49.28785419279728,49.68595241823708,47396000
2017-10-27,51.43757629394531,52.92795220791255,51.0981992459822,51.30421502084399,103682000
2017-10-30,51.410709381103516,51.744114470194454,50.87327790234592,51.21315230606268,46804000
2017-10-31,51.40623474121094,51.8023398305552,51.070836430916586,51.40424535082806,30326000
2017-11-01,51.881954193115234,52.14370326286771,51.45399993109622,51.56944909943724,43262000
2017-11-02,51.90037155151367,52.027267325478256,51.188276082751926,51.752082237389615,26694000
2017-11-03,52.24969482421875,52.2830360912252,51.6356300839063,51.88941779463051,27770000
2017-11-06,51.88593673706055,52.379081526797215,51.85209811980694,52.20541231243067,18294000
2017-11-07,52.36912155151367,52.41988137040327,51.90185786642348,52.232772401506125,26104000
2017-11-08,52.66272735595703,52.88167798670876,52.10340114910265,52.252685152358865,24276000
2017-11-09,52.13673400878906,52.29397934459805,51.546056016583506,52.150667332040285,35892000
2017-11-10,51.95908737182617,52.08249790325542,51.81328481079101,51.94515404719856,19442000
2017-11-13,51.812286376953125,52.1874914197147,51.71574780663559,51.7923810865577,18814000
2017-11-14,51.83418655395508,51.86703047641762,51.221613800593566,51.63912000255927,21012000
2017-11-15,51.57392501831055,51.73415824301693,51.29276800637225,51.503761051344576,18106000
2017-11-16,52.17405700683594,52.337775462575074,51.65304939794989,51.69036944571827,23768000
2017-11-17,51.54804992675781,52.299955897297,51.44056590791441,52.2402438190105,26712000
2017-11-20,51.486846923828125,51.68788543795352,51.38831515873273,51.553525665799015,17526000
2017-11-21,52.2651252746582,52.26960519937861,51.709781657368055,51.75456571838664,22206000
2017-11-22,52.345733642578125,52.52039753000673,52.11334327581309,52.307912453025374,14538000
2017-11-24,52.574642181396484,52.751299266813724,52.345737028894675,52.46865020807379,16492000
2017-11-27,53.345455169677734,53.396712338466045,52.48755724235702,52.67665561010816,35430000
2017-11-28,52.91153335571289,53.74305668715566,52.47611507236788,53.443987561770086,36424000
2017-11-29,51.6221923828125,52.68660337454646,51.23753015109329,52.557718235111565,55866000
2017-11-30,51.56198501586914,51.95859122591998,51.25843974891662,51.74959135167216,45092000
2017-12-01,51.00962829589844,51.615230571847505,50.60307134589855,51.27535615989926,37762000
2017-12-04,50.35276412963867,51.321635117667846,50.22089489516895,51.14547537564575,38778000
2017-12-05,50.7374267578125,51.58736335030744,49.87753941774896,50.30897513043409,38998000
2017-12-06,51.39030456542969,51.73167099732118,50.52394416217836,50.584157381438764,28710000
2017-12-07,51.97998809814453,52.19645198050648,51.52168042157852,51.557011081204955,30866000
2017-12-08,52.219337463378906,52.569659922674276,52.04417243718551,52.34025744439802,31170000
2017-12-11,52.348228454589844,52.548769629324454,51.9575979974012,52.30543378339965,23254000
2017-12-12,52.188987731933594,52.87222178938282,51.994915880383324,52.250195650684205,33882000
2017-12-13,52.31936264038086,52.5228878832155,52.080005595541415,52.353698603225894,27680000
2017-12-14,52.621917724609375,53.10013067686704,52.429337921471316,52.523389759088644,30962000
2017-12-15,53.3449592590332,53.50668833036331,52.75229561882901,52.93591557551533,63760000
2017-12-18,53.9963493347168,54.06601595926417,53.26385128529328,53.566401856236325,30292000
2017-12-19,53.73210906982422,53.990376721671836,53.35839603956241,53.89334079603094,26350000
2017-12-20,53.42258834838867,53.80426271119327,53.17576729962159,53.788837344781825,28728000
2017-12-21,53.2877311706543,53.619644204575266,53.195672523282084,53.51365223338847,25640000
2017-12-22,53.1887092590332,53.33102659142501,53.12799868809265,53.245437252966894,17788000
2017-12-26,53.03892135620117,53.18870648724346,52.68013636548085,53.177757248454874,18376000
2017-12-27,52.75776672363281,53.15935019602346,52.66720011368463,53.07624759593309,22324000
2017-12-28,52.54628372192383,52.98866870683408,52.41839325736587,52.85978354709967,19884000
2017-12-29,52.41938400268555,52.650779696356416,52.38455069140185,52.52339038553208,23606000
